{
    "X": -415.32481939448752,
    "Y": 118.6773691706064,
    "Z": -46.7393493854078,
    "RX": 271.80664547431553,
    "RY": 281.21886658869346,
    "RZ": 354.48300469412163
}

